Use VadidaS
Go
--3.Query to insert data into tables 
--Ms Vendor Data
INSERT INTO MsVendor (VendorID, VendorName, VendorAddress, VendorEmail, VendorPhoneNumber) VALUES
('VE001', 'ABC Corporation', '123 Main Street, City A', 'abc.corp@gmail.com', '1234567890'),
('VE002', 'XYZ Company', '456 Elm Street, City B', 'xyz.company@gmail.com', '9876543210'),
('VE003', 'Global Enterprises', '789 Oak Avenue, City C', 'info@gmail.com', '4567891230'),
('VE004', 'Tech Solutions Inc.', '321 Maple Lane, City D', 'sales@gmail.com', '7891234560'),
('VE005', 'Best Deals Store', '987 Pine Road, City E', 'info@gmail.com', '9876543210'),
('VE006', 'Innovative Technologies', '654 Cedar Drive, City F', 'contact@gmail.com', '1234567890'),
('VE007', 'Premier Suppliers', '321 Birch Street, City G', 'sales@gmail.com', '4567891230'),
('VE008', 'Gourmet Foods Ltd.', '789 Spruce Avenue, City H', 'info@gmail.com', '7891234560'),
('VE009', 'Fashion Hub', '147 Willow Lane, City I', 'info@gmail.com', '9876543210'),
('VE010', 'Quality Products Co.', '258 Cherry Road, City J', 'sales@gmail.com', '1234567890'),
('VE011', 'Green Landscapes', '369 Rose Avenue, City K', 'contact@gmail.com', '4567891230'),
('VE012', 'Tech Innovators', '753 Magnolia Drive, City L', 'info@gmail.com', '7891234560'),
('VE013', 'Luxury Designs', '951 Jasmine Street, City M', 'sales@gmail.com', '9876543210'),
('VE014', 'The Kitchen Store', '456 Elm Street, City N', 'info@gmail.com', '1234567890'),
('VE015', 'Pro Solutions Ltd.', '789 Oak Avenue, City O', 'sales@gmail.com', '4567891230');

--MsStaff Data
INSERT INTO MsStaff (StaffId, StaffName, StaffGender, StaffEmail, StaffAddress, StaffSalary)
VALUES
    ('ST001', 'Johnathan Peterson', 'Male', 'johnathan@gmail.com', '123 Main Street', 150000),
    ('ST002', 'Elizabeth Thompson', 'Female', 'elizabeth@gmail.com', '456 Elm Street', 200000),
    ('ST003', 'Christopher Mitchell', 'Male', 'christopher@gmail.com', '789 Oak Street', 180000),
    ('ST004', 'Sophia Williams', 'Female', 'sophia@gmail.com', '567 Maple Avenue', 220000),
    ('ST005', 'Alexander Rodriguez', 'Male', 'alexander@gmail.com', '789 Pine Street', 170000),
    ('ST006', 'Olivia Davis', 'Female', 'olivia@gmail.com', '321 Oak Street', 190000),
    ('ST007', 'Daniel Wilson', 'Male', 'daniel@gmail.com', '543 Cedar Lane', 160000),
    ('ST008', 'Emily Johnson', 'Female', 'emily@gmail.com', '876 Elm Avenue', 180000),
    ('ST009', 'William Anderson', 'Male', 'william@gmail.com', '987 Pine Lane', 200000),
    ('ST010', 'Samantha Thompson', 'Female', 'samantha@gmail.com', '654 Maple Avenue', 210000),
    ('ST011', 'Michael Brown', 'Male', 'michael@gmail.com', '876 Oak Street', 150000),
    ('ST012', 'Isabella Martinez', 'Female', 'isabella@gmail.com', '543 Cedar Lane', 190000),
    ('ST013', 'David Thomas', 'Male', 'david@gmail.com', '987 Elm Avenue', 170000),
    ('ST014', 'Jesica Whites', 'Female', 'ava@gmail.com', '321 Pine Lane', 180000),
    ('ST015', 'James Taylor', 'Male', 'james@gmail.com', '654 Maple Avenue', 190000);


--MsCustomer Data
INSERT INTO MsCustomer (CustomerId, CustomerName, CustomerGender, CustomerDOB, CustomerAddress, CustomerEmail)
VALUES
  ('CU001', 'John Doe', 'Male', '1990-05-15', '123 Main St', 'john.doe@example.com'),
  ('CU002', 'Jane Smith', 'Female', '1985-10-21', '456 Elm St', 'jane.smith@example.com'),
  ('CU003', 'Michael Johnson', 'Male', '1992-08-03', '789 Oak St', 'michael.johnson@example.com'),
  ('CU004', 'Emily Davis', 'Female', '1998-03-12', '321 Pine St', 'emily.davis@example.com'),
  ('CU005', 'David Wilson', 'Male', '1987-12-07', '654 Maple St', 'david.wilson@example.com'),
  ('CU006', 'Sarah Anderson', 'Female', '1995-06-24', '987 Cedar St', 'sarah.anderson@example.com'),
  ('CU007', 'Christopher Martin', 'Male', '1993-02-18', '159 Birch St', 'christopher.martin@example.com'),
  ('CU008', 'Jessica Thompson', 'Female', '1991-09-09', '753 Walnut St', 'jessica.thompson@example.com'),
  ('CU009', 'Daniel Rodriguez', 'Male', '1997-04-26', '246 Spruce St', 'daniel.rodriguez@example.com'),
  ('CU010', 'Lauren Lee', 'Female', '1994-11-30', '579 Pineapple St', 'lauren.lee@example.com'),
  ('CU011', 'William Turner', 'Male', '1989-07-16', '864 Orange St', 'william.turner@example.com'),
  ('CU012', 'Amanda Baker', 'Female', '1996-01-02', '293 Grape St', 'amanda.baker@example.com'),
  ('CU013', 'Matthew Scott', 'Male', '1999-08-11', '628 Lemon St', 'matthew.scott@example.com'),
  ('CU014', 'Olivia King', 'Female', '1990-03-19', '951 Lime St', 'olivia.king@example.com'),
  ('CU015', 'James Taylor', 'Male', '1988-10-04', '384 Cherry St', 'james.taylor@example.com');


--MsShoe Data
INSERT INTO MsShoe (ShoeId, ShoeName, ShoePrice, ShoeDescription)
VALUES
    ('SH001', 'Running Shoes', 150000, 'Comfortable running shoes for everyday use'),
    ('SH002', 'Basketball Shoes', 350000, 'High-performance shoes for basketball players'),
    ('SH003', 'Sneakers', 250000, 'Stylish sneakers suitable for casual wear'),
    ('SH004', 'Football Boots', 450000, 'Professional-grade boots for football players'),
    ('SH005', 'Flip Flops', 50000, 'Simple and comfortable sandals for everyday wear'),
    ('SH006', 'Hiking Boots', 400000, 'Sturdy boots designed for hiking and outdoor activities'),
    ('SH007', 'Dress Shoes', 300000, 'Elegant and formal shoes for special occasions'),
    ('SH008', 'Sandals', 80000, 'Casual and lightweight sandals for hot weather'),
    ('SH009', 'Running Shoes', 200000, 'Lightweight and supportive shoes for running'),
    ('SH010', 'Casual Sneakers', 350000, 'Versatile sneakers for everyday casual wear'),
    ('SH011', 'High Heels', 250000, 'Elegant and stylish high-heeled shoes for women'),
    ('SH012', 'Slip-on Shoes', 120000, 'Convenient slip-on shoes for quick and easy wear'),
    ('SH013', 'Skate Shoes', 280000, 'Durable and grippy shoes designed for skateboarding'),
    ('SH014', 'Ankle Boots', 350000, 'Stylish boots that reach above the ankle'),
    ('SH015', 'Formal Shoes', 400000, 'Classic and sophisticated shoes for formal events'),
    ('SH016', 'Running Shoes', 180000, 'Breathable and cushioned shoes for running'),
    ('SH017', 'Canvas Sneakers', 390000, 'Comfortable and lightweight sneakers made of canvas'),
    ('SH018', 'Oxford Shoes', 350000, 'Timeless and classic shoes suitable for formal occasions'),
    ('SH019', 'Espadrilles', 150000, 'Casual and comfortable shoes with a woven sole'),
    ('SH020', 'Tennis Shoes', 250000, 'Supportive and durable shoes for playing tennis');


--  insert statements for PurchaseHeader table


INSERT INTO PurchaseHeader (PurchaseId, StaffId, VendorId, PurchaseDate)
VALUES
    ('PU001', 'ST001', 'VE001', '2023-01-01'),
    ('PU002', 'ST002', 'VE002', '2023-02-02'),
    ('PU003', 'ST003', 'VE003', '2023-03-03'),
    ('PU004', 'ST004', 'VE004', '2023-04-04'),
    ('PU005', 'ST005', 'VE005', '2023-05-05'),
    ('PU006', 'ST006', 'VE006', '2023-06-06'),
    ('PU007', 'ST007', 'VE007', '2023-07-07'),
    ('PU008', 'ST008', 'VE008', '2023-08-08'),
    ('PU009', 'ST009', 'VE009', '2023-09-09'),
    ('PU010', 'ST010', 'VE010', '2023-10-10'),
    ('PU011', 'ST011', 'VE011', '2023-11-11'),
    ('PU012', 'ST012', 'VE012', '2023-12-12'),
    ('PU013', 'ST013', 'VE013', '2023-01-13'),
    ('PU014', 'ST004', 'VE004', '2023-02-14'),
    ('PU015', 'ST015', 'VE015', '2023-03-15'),
    ('PU016', 'ST006', 'VE009', '2023-04-16'),
    ('PU017', 'ST004', 'VE011', '2023-05-17'),
    ('PU018', 'ST003', 'VE004', '2023-06-18'),
    ('PU019', 'ST012', 'VE008', '2023-07-19'),
    ('PU020', 'ST007', 'VE010', '2023-08-20'),
    ('PU021', 'ST001', 'VE011', '2023-09-21'),
    ('PU022', 'ST002', 'VE012', '2023-10-22'),
    ('PU023', 'ST003', 'VE013', '2023-11-23'),
    ('PU024', 'ST004', 'VE001', '2023-12-24'),
    ('PU025', 'ST009', 'VE014', '2023-01-25'),
    ('PU026', 'ST013', 'VE012', '2023-02-26'),
    ('PU027', 'ST015', 'VE012', '2023-03-27'),
    ('PU028', 'ST015', 'VE011', '2023-04-28'),
    ('PU029', 'ST012', 'VE014', '2023-05-29'),
    ('PU030', 'ST011', 'VE013', '2023-06-30');



-- Insert data for PurchaseDetail
INSERT INTO PurchaseDetail (PurchaseId, ShoeId, Quantity)
VALUES 
    ('PU001', 'SH001', 50),
    ('PU001', 'SH002', 30),
    ('PU001', 'SH003', 20),
    ('PU002', 'SH001', 40),
    ('PU002', 'SH002', 60),
    ('PU002', 'SH004', 10),
    ('PU003', 'SH002', 20),
    ('PU003', 'SH003', 40),
    ('PU003', 'SH005', 30),
    ('PU004', 'SH001', 50),
    ('PU004', 'SH004', 20),
    ('PU004', 'SH006', 10),
    ('PU005', 'SH003', 30),
    ('PU005', 'SH005', 40),
    ('PU005', 'SH007', 20),
    ('PU006', 'SH001', 30),
    ('PU006', 'SH004', 50),
    ('PU006', 'SH006', 20),
    ('PU007', 'SH002', 40),
    ('PU007', 'SH003', 30),
    ('PU007', 'SH005', 10),
    ('PU008', 'SH001', 20),
    ('PU008', 'SH004', 40),
    ('PU008', 'SH007', 30),
    ('PU009', 'SH002', 50),
    ('PU009', 'SH003', 20),
    ('PU010', 'SH001', 40),
    ('PU010', 'SH004', 30),
    ('PU010', 'SH005', 20),
    ('PU011', 'SH002', 10),
    ('PU011', 'SH003', 50),
    ('PU011', 'SH007', 40),
    ('PU012', 'SH001', 30),
    ('PU012', 'SH004', 20),
    ('PU012', 'SH006', 10),
    ('PU013', 'SH002', 50),
    ('PU013', 'SH003', 40),
    ('PU013', 'SH005', 30),
    ('PU014', 'SH001', 20),
    ('PU014', 'SH004', 10),
    ('PU014', 'SH007', 50),
    ('PU015', 'SH002', 40),
    ('PU015', 'SH003', 30),
    ('PU015', 'SH006', 20),
    ('PU016', 'SH001', 10),
    ('PU016', 'SH004', 50),
    ('PU016', 'SH005', 40),
    ('PU017', 'SH002', 30),
    ('PU017', 'SH003', 20),
    ('PU017', 'SH007', 10),
    ('PU018', 'SH001', 50),
    ('PU018', 'SH004', 40),
    ('PU018', 'SH006', 30),
    ('PU019', 'SH002', 20),
    ('PU019', 'SH003', 10),
    ('PU019', 'SH005', 50),
    ('PU020', 'SH001', 20),
    ('PU020', 'SH004', 30),
    ('PU020', 'SH005', 40),
    ('PU021', 'SH002', 50),
    ('PU021', 'SH003', 40),
    ('PU021', 'SH006', 30),
    ('PU022', 'SH001', 20),
    ('PU022', 'SH004', 10),
    ('PU022', 'SH007', 50),
    ('PU023', 'SH002', 40),
    ('PU023', 'SH003', 30),
    ('PU023', 'SH005', 20),
    ('PU024', 'SH001', 10),
    ('PU024', 'SH004', 50),
    ('PU024', 'SH006', 40),
    ('PU025', 'SH002', 30),
    ('PU025', 'SH003', 20),
    ('PU025', 'SH007', 10),
    ('PU026', 'SH001', 50),
    ('PU026', 'SH004', 40),
    ('PU026', 'SH006', 30),
    ('PU027', 'SH002', 20),
    ('PU027', 'SH003', 10),
    ('PU027', 'SH005', 50),
    ('PU028', 'SH001', 20),
    ('PU028', 'SH004', 30),
    ('PU028', 'SH007', 40),
    ('PU029', 'SH002', 40),
    ('PU029', 'SH003', 30),
    ('PU029', 'SH006', 20),
    ('PU030', 'SH001', 10),
    ('PU030', 'SH004', 50),
    ('PU030', 'SH005', 40);



--Sales Header Data
INSERT INTO SalesHeader (SalesId, StaffId, CustomerId, SalesDate, Discount) VALUES
('SA001', 'ST001', 'CU001', '2023-06-01', 10),
('SA002', 'ST002', 'CU002', '2023-06-02', 20),
('SA003', 'ST003', 'CU003', '2023-06-03', 15),
('SA004', 'ST004', 'CU004', '2023-06-04', 30),
('SA005', 'ST005', 'CU005', '2023-06-05', 25),
('SA006', 'ST006', 'CU006', '2023-06-06', 5),
('SA007', 'ST007', 'CU007', '2023-06-07', 12),
('SA008', 'ST008', 'CU008', '2023-06-08', 40),
('SA009', 'ST009', 'CU009', '2023-06-09', 18),
('SA010', 'ST010', 'CU010', '2023-06-10', 8),
('SA011', 'ST011', 'CU011', '2023-06-11', 22),
('SA012', 'ST012', 'CU012', '2023-06-12', 35),
('SA013', 'ST013', 'CU013', '2023-06-13', 16),
('SA014', 'ST003', 'CU012', '2023-06-14', 45),
('SA015', 'ST015', 'CU015', '2023-06-15', 20),
('SA016', 'ST001', 'CU001', '2023-06-16', 10),
('SA017', 'ST002', 'CU002', '2023-06-17', 30),
('SA018', 'ST003', 'CU003', '2023-06-18', 25),
('SA019', 'ST004', 'CU004', '2023-06-19', 15),
('SA020', 'ST005', 'CU005', '2023-06-20', 5),
('SA021', 'ST006', 'CU006', '2023-06-21', 12),
('SA022', 'ST007', 'CU007', '2023-06-22', 30),
('SA023', 'ST008', 'CU008', '2023-06-23', 18),
('SA024', 'ST009', 'CU009', '2023-06-24', 10),
('SA025', 'ST010', 'CU010', '2023-06-25', 25),
('SA026', 'ST014', 'CU001', '2023-01-26', 10),
('SA027', 'ST015', 'CU002', '2023-01-27', 5),
       ('SA028', 'ST012', 'CU003', '2023-01-28', 15),
       ('SA029', 'ST013', 'CU004', '2023-01-29', 20),
       ('SA030', 'ST010', 'CU005', '2023-01-30', 10),
       ('SA031', 'ST011', 'CU006', '2023-01-31', 5),
       ('SA032', 'ST014', 'CU007', '2023-02-01', 15),
       ('SA033', 'ST015', 'CU008', '2023-02-02', 20),
       ('SA034', 'ST012', 'CU009', '2023-02-03', 10),
       ('SA035', 'ST013', 'CU010', '2023-02-04', 5),
       ('SA036', 'ST010', 'CU011', '2023-02-05', 15),
       ('SA037', 'ST011', 'CU012', '2023-02-06', 20),
       ('SA038', 'ST014', 'CU013', '2023-02-07', 10),
       ('SA039', 'ST015', 'CU014', '2023-02-08', 5),
       ('SA040', 'ST012', 'CU015', '2023-02-09', 15),
	('SA041', 'ST013', 'CU001', '2023-02-10', 20),
       ('SA042', 'ST010', 'CU002', '2023-02-11', 10),
       ('SA043', 'ST011', 'CU003', '2023-02-12', 5),
       ('SA044', 'ST014', 'CU004', '2023-02-13', 15),
       ('SA045', 'ST015', 'CU005', '2023-02-14', 20),
       ('SA046', 'ST012', 'CU006', '2023-02-15', 10),
       ('SA047', 'ST013', 'CU007', '2023-02-16', 5),
       ('SA048', 'ST010', 'CU008', '2023-02-17', 15),
       ('SA049', 'ST011', 'CU009', '2023-02-18', 20),
       ('SA050', 'ST014', 'CU010', '2023-02-19', 10);

--Sales Detail Data
INSERT INTO SalesDetail (SalesId, ShoeId, Quantity)
VALUES 
  ('SA001', 'SH001', 15),
  ('SA002', 'SH002', 20),
  ('SA003', 'SH003', 14),
  ('SA004', 'SH004', 12),
  ('SA005', 'SH005', 15),
  ('SA006', 'SH006', 14),
  ('SA007', 'SH007', 17),
  ('SA008', 'SH008', 19),
  ('SA009', 'SH009', 13),
  ('SA010', 'SH010', 12),
  ('SA011', 'SH001', 15),
  ('SA012', 'SH002', 13),
  ('SA013', 'SH003', 12),
  ('SA014', 'SH004', 14),
  ('SA015', 'SH005', 16),
  ('SA016', 'SH006', 13),
  ('SA017', 'SH007', 17),
  ('SA018', 'SH008', 18),
  ('SA019', 'SH009', 13),
  ('SA020', 'SH010', 12),
  ('SA021', 'SH001', 15),
  ('SA022', 'SH002', 13),
  ('SA023', 'SH003', 12),
  ('SA024', 'SH004', 14),
  ('SA025', 'SH005', 16),
  ('SA026', 'SH006', 10),
  ('SA027', 'SH007', 17),
  ('SA028', 'SH008', 18),
  ('SA029', 'SH009', 13),
  ('SA030', 'SH010', 12),
  ('SA031', 'SH001', 15),
  ('SA032', 'SH002', 13),
  ('SA033', 'SH003', 12),
  ('SA034', 'SH004', 4),
  ('SA035', 'SH005', 16),
  ('SA036', 'SH006', 10),
  ('SA037', 'SH007', 17),
  ('SA038', 'SH008', 18),
  ('SA039', 'SH009', 13),
  ('SA040', 'SH010', 21),
  ('SA041', 'SH001', 15),
  ('SA042', 'SH002', 13),
  ('SA043', 'SH003', 12),
  ('SA044', 'SH004', 14),
  ('SA045', 'SH005', 16),
  ('SA046', 'SH006', 10),
  ('SA047', 'SH007', 17),
  ('SA048', 'SH008', 18),
  ('SA049', 'SH009', 13),
  ('SA050', 'SH010', 24);




--Trasaction Header Data
INSERT INTO TransactionHeader (TransactionId, StaffId, CustomerId, TransactionDate)
VALUES
    ('TR001', 'ST001', 'CU001', '2023-01-01'),
    ('TR002', 'ST002', 'CU002', '2023-01-02'),
    ('TR003', 'ST003', 'CU003', '2023-01-03'),
    ('TR004', 'ST004', 'CU004', '2023-01-04'),
    ('TR005', 'ST005', 'CU005', '2023-01-05'),
    ('TR006', 'ST006', 'CU006', '2023-01-06'),
    ('TR007', 'ST007', 'CU007', '2023-01-07'),
    ('TR008', 'ST008', 'CU008', '2023-01-08'),
    ('TR009', 'ST009', 'CU009', '2023-01-09'),
    ('TR010', 'ST010', 'CU010', '2023-01-10'),
    ('TR011', 'ST011', 'CU011', '2023-01-11'),
    ('TR012', 'ST012', 'CU012', '2023-01-12'),
    ('TR013', 'ST013', 'CU013', '2023-01-13'),
    ('TR014', 'ST014', 'CU014', '2023-01-14'),
    ('TR015', 'ST015', 'CU015', '2023-01-15'),
    ('TR016', 'ST001', 'CU001', '2023-01-16'),
    ('TR017', 'ST002', 'CU002', '2023-01-17'),
    ('TR018', 'ST003', 'CU003', '2023-01-18'),
    ('TR019', 'ST004', 'CU004', '2023-01-19'),
    ('TR020', 'ST005', 'CU005', '2023-01-20'),
    ('TR021', 'ST006', 'CU006', '2023-01-21'),
    ('TR022', 'ST007', 'CU007', '2023-01-22'),
    ('TR023', 'ST008', 'CU008', '2023-01-23'),
    ('TR024', 'ST009', 'CU009', '2023-01-24'),
    ('TR025', 'ST010', 'CU010', '2023-01-25'),
    ('TR026', 'ST011', 'CU011', '2023-01-26'),
    ('TR027', 'ST012', 'CU012', '2023-01-27'),
    ('TR028', 'ST013', 'CU013', '2023-01-28'),
    ('TR029', 'ST014', 'CU014', '2023-01-29'),
    ('TR030', 'ST015', 'CU015', '2023-01-30'),
    ('TR031', 'ST001', 'CU001', '2023-01-31'),
    ('TR032', 'ST002', 'CU002', '2023-02-01'),
    ('TR033', 'ST003', 'CU003', '2023-02-02'),
    ('TR034', 'ST004', 'CU004', '2023-02-03'),
    ('TR035', 'ST005', 'CU005', '2023-02-04'),
    ('TR036', 'ST006', 'CU006', '2023-02-05'),
    ('TR037', 'ST007', 'CU007', '2023-02-06'),
    ('TR038', 'ST008', 'CU008', '2023-02-07'),
    ('TR039', 'ST009', 'CU009', '2023-02-08'),
    ('TR040', 'ST010', 'CU010', '2023-02-09'),
    ('TR041', 'ST011', 'CU011', '2023-02-10'),
    ('TR042', 'ST012', 'CU012', '2023-02-11'),
    ('TR043', 'ST013', 'CU013', '2023-02-12'),
    ('TR044', 'ST014', 'CU014', '2023-02-13'),
    ('TR045', 'ST015', 'CU015', '2023-02-14'),
    ('TR046', 'ST001', 'CU001', '2023-02-15'),
    ('TR047', 'ST002', 'CU002', '2023-02-16'),
    ('TR048', 'ST003', 'CU003', '2023-02-17'),
    ('TR049', 'ST004', 'CU004', '2023-02-18'),
    ('TR050', 'ST005', 'CU005', '2023-02-19');

--Data For TransactionDetail
INSERT INTO TransactionDetail (TransactionId, ShoeId, Quantity) VALUES
('TR001', 'SH001', 5),
('TR001', 'SH002', 3),
('TR002', 'SH003', 7),
('TR002', 'SH004', 2),
('TR003', 'SH005', 4),
('TR003', 'SH006', 8),
('TR004', 'SH007', 6),
('TR004', 'SH008', 10),
('TR005', 'SH009', 9),
('TR005', 'SH010', 3),
('TR006', 'SH011', 5),
('TR006', 'SH012', 7),
('TR007', 'SH013', 6),
('TR007', 'SH014', 4),
('TR008', 'SH015', 2),
('TR008', 'SH016', 5),
('TR009', 'SH017', 7),
('TR009', 'SH018', 3),
('TR010', 'SH019', 6),
('TR010', 'SH020', 9),
('TR011', 'SH001', 4),
('TR011', 'SH002', 6),
('TR012', 'SH003', 3),
('TR012', 'SH004', 8),
('TR013', 'SH005', 7),
('TR013', 'SH006', 5),
('TR014', 'SH007', 9),
('TR014', 'SH008', 4),
('TR015', 'SH009', 6),
('TR015', 'SH010', 2),
('TR016', 'SH011', 3),
('TR016', 'SH012', 7),
('TR017', 'SH013', 5),
('TR017', 'SH014', 8),
('TR018', 'SH015', 9),
('TR018', 'SH016', 3),
('TR019', 'SH017', 4),
('TR019', 'SH018', 6),
('TR020', 'SH019', 7),
('TR020', 'SH020', 5),
('TR021', 'SH001', 2),
('TR021', 'SH002', 9),
('TR022', 'SH003', 5),
('TR022', 'SH004', 4),
('TR023', 'SH005', 8),
('TR023', 'SH006', 6),
('TR024', 'SH007', 3),
('TR024', 'SH008', 7),
('TR025', 'SH009', 4),
('TR025', 'SH010', 9),
('TR026', 'SH011', 6),
('TR026', 'SH012', 3),
('TR027', 'SH013', 8),
('TR027', 'SH014', 4),
('TR028', 'SH015', 5),
('TR028', 'SH016', 7),
('TR029', 'SH017', 9),
('TR029', 'SH018', 2),
('TR030', 'SH019', 5),
('TR030', 'SH020', 4),
('TR031', 'SH001', 7),
('TR031', 'SH002', 3),
('TR032', 'SH003', 4),
('TR032', 'SH004', 6),
('TR033', 'SH005', 8),
('TR033', 'SH006', 2),
('TR034', 'SH007', 5),
('TR034', 'SH008', 7),
('TR035', 'SH009', 6),
('TR035', 'SH010', 4),
('TR036', 'SH011', 3),
('TR036', 'SH012', 8),
('TR037', 'SH013', 7),
('TR037', 'SH014', 5),
('TR038', 'SH015', 6),
('TR038', 'SH016', 9),
('TR039', 'SH017', 3),
('TR039', 'SH018', 7),
('TR040', 'SH019', 4),
('TR040', 'SH020', 6),
('TR041', 'SH001', 5),
('TR041', 'SH002', 8),
('TR042', 'SH003', 6),
('TR042', 'SH004', 3),
('TR043', 'SH005', 7),
('TR043', 'SH006', 5),
('TR044', 'SH007', 9),
('TR044', 'SH008', 2),
('TR045', 'SH009', 4),
('TR045', 'SH010', 6),
('TR046', 'SH011', 3),
('TR046', 'SH012', 8),
('TR047', 'SH013', 7),
('TR047', 'SH014', 5),
('TR048', 'SH015', 6),
('TR048', 'SH016', 9),
('TR049', 'SH017', 3),
('TR049', 'SH018', 7),
('TR050', 'SH019', 4),
('TR050', 'SH020', 6);
